-- phpMyAdmin SQL Dump
-- version 5.2.1
-- https://www.phpmyadmin.net/
--
-- Servidor: 127.0.0.1
-- Tiempo de generación: 28-11-2024 a las 01:15:27
-- Versión del servidor: 10.4.32-MariaDB
-- Versión de PHP: 8.2.12

SET SQL_MODE = "NO_AUTO_VALUE_ON_ZERO";
START TRANSACTION;
SET time_zone = "+00:00";

-- Crear la base de datos
CREATE DATABASE IF NOT EXISTS `puentesdb` CHARACTER SET utf8mb4 COLLATE utf8mb4_general_ci;
USE `puentesdb`;

/*!40101 SET @OLD_CHARACTER_SET_CLIENT=@@CHARACTER_SET_CLIENT */;
/*!40101 SET @OLD_CHARACTER_SET_RESULTS=@@CHARACTER_SET_RESULTS */;
/*!40101 SET @OLD_COLLATION_CONNECTION=@@COLLATION_CONNECTION */;
/*!40101 SET NAMES utf8mb4 */;

--
-- Base de datos: `puentesdb`
--

-- --------------------------------------------------------

--
-- Estructura de tabla para la tabla `datos_de_lectura`
--

CREATE TABLE `datos_de_lectura` (
  `idDato` int(11) NOT NULL,
  `peso` float DEFAULT NULL,
  `iothing` varchar(50) NOT NULL,
  `fecha_hora` timestamp NOT NULL DEFAULT current_timestamp() ON UPDATE current_timestamp(),
  `idGalga` int(11) NOT NULL
) ENGINE=InnoDB DEFAULT CHARSET=utf8mb4 COLLATE=utf8mb4_general_ci;

--
-- Volcado de datos para la tabla `datos_de_lectura`
--

INSERT INTO `datos_de_lectura` (`idDato`, `peso`, `iothing`, `fecha_hora`, `idGalga`) VALUES
(2, -0.00921053, 'ESP32-1', '2024-11-24 02:22:01', 17),
(3, -75.2539, 'ESP32-1', '2024-11-24 02:22:04', 17),
(4, -24.9022, 'ESP32-1', '2024-11-24 02:22:06', 17),
(5, 86.3294, 'ESP32-1', '2024-11-24 02:22:08', 17),
(6, 11.1579, 'ESP32-1', '2024-11-24 02:22:10', 17),
(7, 1.2614, 'ESP32-1', '2024-11-24 02:22:12', 17),
(8, 383.471, 'ESP32-1', '2024-11-24 02:22:15', 17),
(9, 526.614, 'ESP32-1', '2024-11-24 02:22:18', 17),
(10, 2.20044, 'ESP32-1', '2024-11-24 02:22:20', 17),
(11, 1.81404, 'ESP32-1', '2024-11-24 02:22:22', 17),
(12, 1.61886, 'ESP32-1', '2024-11-24 02:22:23', 17),
(13, 1.41886, 'ESP32-1', '2024-11-24 02:22:25', 17),
(14, 501.78, 'ESP32-1', '2024-11-24 02:22:28', 17),
(15, 353.647, 'ESP32-1', '2024-11-24 02:22:30', 17),
(16, 3.03553, 'ESP32-1', '2024-11-24 02:22:32', 17),
(17, 2.67149, 'ESP32-1', '2024-11-24 02:22:34', 17),
(18, 2.3886, 'ESP32-1', '2024-11-24 02:22:35', 17),
(19, 2.25307, 'ESP32-1', '2024-11-24 02:22:36', 17),
(20, 2.14693, 'ESP32-1', '2024-11-24 02:22:38', 17),
(21, 1.96754, 'ESP32-1', '2024-11-24 02:22:40', 17),
(22, 1.88553, 'ESP32-1', '2024-11-24 02:22:41', 17),
(23, 1.83816, 'ESP32-1', '2024-11-24 02:22:42', 17),
(24, 1.71316, 'ESP32-1', '2024-11-24 02:22:44', 17),
(25, 1.6443, 'ESP32-1', '2024-11-24 02:22:46', 17),
(26, 1.58509, 'ESP32-1', '2024-11-24 02:22:47', 17),
(27, 1.49386, 'ESP32-1', '2024-11-24 02:22:50', 17),
(28, 1.38509, 'ESP32-1', '2024-11-24 02:22:51', 17),
(29, 1.31623, 'ESP32-1', '2024-11-24 02:22:53', 17),
(30, 1.26447, 'ESP32-1', '2024-11-24 02:22:55', 17),
(31, 1.20307, 'ESP32-1', '2024-11-24 02:22:57', 17),
(32, 1.16886, 'ESP32-1', '2024-11-24 02:22:58', 17),
(33, 1.09956, 'ESP32-1', '2024-11-24 02:23:00', 17),
(34, 1.10219, 'ESP32-1', '2024-11-24 02:23:02', 17),
(35, 1.06228, 'ESP32-1', '2024-11-24 02:23:04', 17),
(36, 1.00658, 'ESP32-1', '2024-11-24 02:23:06', 17),
(37, 1.09649, 'ESP32-1', '2024-11-24 02:23:08', 17),
(38, 425.923, 'ESP32-1', '2024-11-24 02:23:10', 17),
(39, 2.2364, 'ESP32-1', '2024-11-24 02:23:12', 17),
(40, 2.40263, 'ESP32-1', '2024-11-24 02:23:14', 17),
(41, 2.24167, 'ESP32-1', '2024-11-24 02:23:15', 17),
(42, 2.16754, 'ESP32-1', '2024-11-24 02:23:16', 17),
(43, 2.02061, 'ESP32-1', '2024-11-24 02:23:19', 17),
(44, 14.9228, 'ESP32-1', '2024-11-24 02:23:20', 17),
(45, 65.518, 'ESP32-1', '2024-11-24 02:23:25', 17),
(46, 2.77237, 'ESP32-1', '2024-11-24 02:23:27', 17),
(47, 2.3614, 'ESP32-1', '2024-11-24 02:23:32', 17),
(48, 2.22061, 'ESP32-1', '2024-11-24 02:23:34', 17),
(49, 2.13597, 'ESP32-1', '2024-11-24 02:23:35', 17),
(50, 2.0921, 'ESP32-1', '2024-11-24 02:23:37', 17),
(51, 2.0364, 'ESP32-1', '2024-11-24 02:23:38', 17),
(52, 1.93333, 'ESP32-1', '2024-11-24 02:23:40', 17),
(53, 1.80395, 'ESP32-1', '2024-11-24 02:23:43', 17),
(54, 0, 'ESP32-1', '2024-11-24 02:25:43', 18),
(55, 0, 'ESP32-1', '2024-11-24 02:25:45', 18),
(56, 0.0372807, 'ESP32-1', '2024-11-24 02:25:48', 18),
(57, 574.096, 'ESP32-1', '2024-11-24 02:25:49', 18),
(58, 184.935, 'ESP32-1', '2024-11-24 02:25:52', 18),
(59, 1.17061, 'ESP32-1', '2024-11-24 02:25:53', 18),
(60, 1.17982, 'ESP32-1', '2024-11-24 02:25:55', 18),
(61, 1.09649, 'ESP32-1', '2024-11-24 02:25:58', 18),
(62, 1.02807, 'ESP32-1', '2024-11-24 02:26:00', 18),
(63, 1.00921, 'ESP32-1', '2024-11-24 02:26:02', 18),
(64, 0.983333, 'ESP32-1', '2024-11-24 02:26:04', 18),
(65, 0.970176, 'ESP32-1', '2024-11-24 02:26:06', 18),
(66, 215.139, 'ESP32-1', '2024-11-24 02:26:08', 18),
(67, 444.862, 'ESP32-1', '2024-11-24 02:26:10', 18),
(68, 461.361, 'ESP32-1', '2024-11-24 02:26:12', 18),
(69, 149.435, 'ESP32-1', '2024-11-24 02:26:14', 18),
(70, 3.20175, 'ESP32-1', '2024-11-24 02:26:17', 18),
(71, 227.787, 'ESP32-1', '2024-11-24 02:26:19', 18),
(72, 984.585, 'ESP32-1', '2024-11-24 02:26:22', 18),
(73, 14.2618, 'ESP32-1', '2024-11-24 02:26:24', 18),
(74, 2.74825, 'ESP32-1', '2024-11-24 02:26:26', 18),
(75, 2.52895, 'ESP32-1', '2024-11-24 02:26:29', 18),
(76, 2.37632, 'ESP32-1', '2024-11-24 02:26:32', 18),
(77, 2.2886, 'ESP32-1', '2024-11-24 02:26:34', 18),
(78, 2.1693, 'ESP32-1', '2024-11-24 02:26:36', 18),
(79, 2.0557, 'ESP32-1', '2024-11-24 02:26:39', 18),
(80, 1.95439, 'ESP32-1', '2024-11-24 02:26:41', 18),
(81, 1.87851, 'ESP32-1', '2024-11-24 02:26:43', 18),
(82, 1.82588, 'ESP32-1', '2024-11-24 02:26:44', 18),
(83, 1.79649, 'ESP32-1', '2024-11-24 02:26:46', 18),
(84, 1.64079, 'ESP32-1', '2024-11-24 02:26:52', 18),
(85, 1.58904, 'ESP32-1', '2024-11-24 02:26:54', 18),
(86, 262.627, 'ESP32-1', '2024-11-24 02:26:57', 18),
(87, 0, 'ESP32-1', '2024-11-24 02:27:01', 18),
(88, 2.18114, 'ESP32-1', '2024-11-24 02:27:03', 18),
(89, 2.17763, 'ESP32-1', '2024-11-24 02:27:06', 18),
(90, 2.0636, 'ESP32-1', '2024-11-24 02:27:09', 18),
(91, 1.96053, 'ESP32-1', '2024-11-24 02:27:10', 18),
(92, 795.411, 'ESP32-1', '2024-11-24 02:27:13', 18),
(93, 2.00175, 'ESP32-1', '2024-11-24 02:27:20', 18),
(94, 1.95614, 'ESP32-1', '2024-11-24 02:27:22', 18),
(95, 1.90921, 'ESP32-1', '2024-11-24 02:27:25', 18),
(96, 1.77939, 'ESP32-1', '2024-11-24 02:27:27', 18),
(97, 1.71447, 'ESP32-1', '2024-11-24 02:27:30', 18),
(98, 1.58333, 'ESP32-1', '2024-11-24 02:27:32', 18),
(240, 0.0135965, 'ESP32-5', '2024-11-24 02:35:17', 22),
(241, 0.804386, 'ESP32-5', '2024-11-24 02:35:19', 22),
(242, 0.975439, 'ESP32-5', '2024-11-24 02:35:20', 22),
(243, 0.966228, 'ESP32-5', '2024-11-24 02:35:22', 22),
(244, 0.997807, 'ESP32-5', '2024-11-24 02:35:23', 22),
(245, 1.01272, 'ESP32-5', '2024-11-24 02:35:24', 22),
(246, 0.997368, 'ESP32-5', '2024-11-24 02:35:26', 22),
(247, 1.01535, 'ESP32-5', '2024-11-24 02:35:27', 22),
(248, 1.02939, 'ESP32-5', '2024-11-24 02:35:28', 22),
(249, 1403.67, 'ESP32-5', '2024-11-24 02:35:30', 22),
(250, 1793.1, 'ESP32-5', '2024-11-24 02:35:31', 22),
(251, 1.93202, 'ESP32-5', '2024-11-24 02:35:33', 22),
(252, 2.14825, 'ESP32-5', '2024-11-24 02:35:34', 22),
(253, 6.65175, 'ESP32-5', '2024-11-24 02:35:35', 22),
(254, 0, 'ESP32-5', '2024-11-24 02:35:37', 22),
(255, 0, 'ESP32-5', '2024-11-24 02:35:42', 22),
(256, 0, 'ESP32-5', '2024-11-24 02:35:44', 22),
(257, 824.668, 'ESP32-5', '2024-11-24 02:35:45', 22),
(258, 0, 'ESP32-5', '2024-11-24 02:35:47', 22),
(259, 0, 'ESP32-5', '2024-11-24 02:35:51', 22),
(260, 0, 'ESP32-5', '2024-11-24 02:35:52', 22),
(261, 453.445, 'ESP32-5', '2024-11-24 02:35:54', 22),
(262, 456.587, 'ESP32-5', '2024-11-24 02:35:55', 22),
(263, 70.5614, 'ESP32-5', '2024-11-24 02:35:57', 22),
(264, 15.8355, 'ESP32-5', '2024-11-24 02:35:58', 22),
(265, 5.23289, 'ESP32-5', '2024-11-24 02:36:00', 22),
(266, 0, 'ESP32-5', '2024-11-24 02:36:05', 22),
(267, 0, 'ESP32-5', '2024-11-24 02:36:06', 22),
(268, 0, 'ESP32-5', '2024-11-24 02:36:07', 22),
(269, 12.2465, 'ESP32-5', '2024-11-24 02:36:09', 22),
(270, 15.8202, 'ESP32-5', '2024-11-24 02:36:10', 22),
(271, 12.6833, 'ESP32-5', '2024-11-24 02:36:11', 22),
(272, 0, 'ESP32-5', '2024-11-24 02:36:17', 22),
(273, 0.144298, 'ESP32-5', '2024-11-24 02:36:23', 22),
(274, 0, 'ESP32-5', '2024-11-24 02:36:24', 22),
(275, 0, 'ESP32-5', '2024-11-24 02:36:25', 22),
(276, 0, 'ESP32-5', '2024-11-24 02:36:27', 22),
(277, 28.3912, 'ESP32-5', '2024-11-24 02:36:28', 22),
(278, 137.617, 'ESP32-5', '2024-11-24 02:36:38', 22),
(279, 1.08904, 'ESP32-5', '2024-11-24 02:36:54', 22),
(280, 0.667105, 'ESP32-5', '2024-11-24 02:36:59', 22),
(281, 0.636842, 'ESP32-5', '2024-11-24 02:37:01', 22),
(282, 0.00350877, 'ESP32-6', '2024-11-24 02:37:26', 23),
(283, 0, 'ESP32-6', '2024-11-24 02:37:50', 23),
(284, 0, 'ESP32-6', '2024-11-24 02:38:02', 23),
(285, 779.528, 'ESP32-6', '2024-11-24 02:38:10', 23),
(286, 0, 'ESP32-6', '2024-11-24 02:38:16', 23),
(287, 0, 'ESP32-6', '2024-11-24 02:38:18', 23),
(288, 242.681, 'ESP32-6', '2024-11-24 02:38:25', 23),
(289, 0.00657895, 'ESP32-6', '2024-11-24 02:39:21', 23),
(290, 0.107018, 'ESP32-6', '2024-11-24 02:39:22', 23),
(291, 0.18114, 'ESP32-6', '2024-11-24 02:39:25', 23),
(292, 0.285526, 'ESP32-6', '2024-11-24 02:39:27', 23),
(293, 0.351316, 'ESP32-6', '2024-11-24 02:39:28', 23),
(294, 0.389035, 'ESP32-6', '2024-11-24 02:39:36', 23),
(295, 0.432456, 'ESP32-6', '2024-11-24 02:39:38', 23),
(296, 0.440789, 'ESP32-6', '2024-11-24 02:39:39', 23),
(297, 0.446053, 'ESP32-6', '2024-11-24 02:39:41', 23),
(298, 315.321, 'ESP32-6', '2024-11-24 02:39:42', 23),
(299, 1359.98, 'ESP32-6', '2024-11-24 02:39:44', 23),
(300, 13.9509, 'ESP32-6', '2024-11-24 02:39:45', 23),
(301, 1.37149, 'ESP32-6', '2024-11-24 02:39:47', 23),
(302, 1.19211, 'ESP32-6', '2024-11-24 02:39:48', 23),
(303, 1.06053, 'ESP32-6', '2024-11-24 02:39:50', 23),
(304, 0.995614, 'ESP32-6', '2024-11-24 02:39:51', 23),
(305, 0.0916667, 'ESP32-6', '2024-11-24 02:39:52', 23),
(306, 74.1, 'ESP32-6', '2024-11-24 02:39:54', 23),
(307, 261.311, 'ESP32-6', '2024-11-24 02:39:55', 23),
(308, 10.0395, 'ESP32-6', '2024-11-24 02:39:57', 23),
(309, 2.07982, 'ESP32-6', '2024-11-24 02:39:58', 23),
(310, 1.02895, 'ESP32-6', '2024-11-24 02:39:59', 23),
(311, 0.977632, 'ESP32-6', '2024-11-24 02:40:01', 23),
(312, 0.902193, 'ESP32-6', '2024-11-24 02:40:02', 23),
(313, 0.923684, 'ESP32-6', '2024-11-24 02:40:04', 23),
(314, 0.879825, 'ESP32-6', '2024-11-24 02:40:06', 23),
(315, 0.882017, 'ESP32-6', '2024-11-24 02:40:07', 23),
(316, 0.897807, 'ESP32-6', '2024-11-24 02:40:09', 23),
(317, 739.029, 'ESP32-6', '2024-11-24 02:40:10', 23),
(318, 1.30439, 'ESP32-6', '2024-11-24 02:40:16', 23),
(319, 1.24035, 'ESP32-6', '2024-11-24 02:40:17', 23),
(320, 1.17368, 'ESP32-6', '2024-11-24 02:40:19', 23),
(321, 1.13816, 'ESP32-6', '2024-11-24 02:40:20', 23),
(322, 1.13026, 'ESP32-6', '2024-11-24 02:40:22', 23),
(323, 1.18728, 'ESP32-6', '2024-11-24 02:40:27', 23),
(324, 1.10483, 'ESP32-6', '2024-11-24 02:40:29', 23),
(325, 1.09693, 'ESP32-6', '2024-11-24 02:40:30', 23),
(326, 4.98904, 'ESP32-6', '2024-11-24 02:40:34', 23),
(327, 6.18772, 'ESP32-6', '2024-11-24 02:40:36', 23),
(328, 5.42412, 'ESP32-6', '2024-11-24 02:40:37', 23),
(329, 6.9114, 'ESP32-6', '2024-11-24 02:40:38', 23),
(330, 5.3171, 'ESP32-6', '2024-11-24 02:40:40', 23),
(331, 1.42588, 'ESP32-6', '2024-11-24 02:40:41', 23),
(332, 0.935088, 'ESP32-6', '2024-11-24 02:40:43', 23),
(333, 0.94386, 'ESP32-6', '2024-11-24 02:40:44', 23),
(334, 0.872807, 'ESP32-6', '2024-11-24 02:40:50', 23),
(335, 0.87193, 'ESP32-6', '2024-11-24 02:40:54', 23),
(336, 0.835526, 'ESP32-6', '2024-11-24 02:40:55', 23),
(337, 0.0144737, 'ESP32-7', '2024-11-24 02:41:28', 24),
(338, 0.0640351, 'ESP32-7', '2024-11-24 02:41:29', 24),
(339, 0.095614, 'ESP32-7', '2024-11-24 02:41:31', 24),
(340, 0.0969298, 'ESP32-7', '2024-11-24 02:41:32', 24),
(341, 0.0653509, 'ESP32-7', '2024-11-24 02:41:34', 24),
(342, 0.102632, 'ESP32-7', '2024-11-24 02:41:35', 24),
(343, 0.112281, 'ESP32-7', '2024-11-24 02:41:36', 24),
(344, 0.156579, 'ESP32-7', '2024-11-24 02:41:38', 24),
(345, 0.23114, 'ESP32-7', '2024-11-24 02:41:42', 24),
(346, 0.257895, 'ESP32-7', '2024-11-24 02:41:44', 24),
(347, 0.266228, 'ESP32-7', '2024-11-24 02:41:45', 24),
(348, 0.225, 'ESP32-7', '2024-11-24 02:41:50', 24),
(349, 0.233772, 'ESP32-7', '2024-11-24 02:41:51', 24),
(350, 0.254824, 'ESP32-7', '2024-11-24 02:41:53', 24),
(351, 515.354, 'ESP32-7', '2024-11-24 02:41:54', 24),
(352, 2.16623, 'ESP32-7', '2024-11-24 02:41:58', 24),
(353, 1.97588, 'ESP32-7', '2024-11-24 02:42:00', 24),
(354, 1.96623, 'ESP32-7', '2024-11-24 02:42:06', 24),
(355, 1.81447, 'ESP32-7', '2024-11-24 02:42:07', 24),
(356, 1.75658, 'ESP32-7', '2024-11-24 02:42:09', 24),
(357, 1.725, 'ESP32-7', '2024-11-24 02:42:11', 24),
(358, 27.1224, 'ESP32-7', '2024-11-24 02:42:12', 24),
(359, 22.671, 'ESP32-7', '2024-11-24 02:42:14', 24),
(360, 25.1684, 'ESP32-7', '2024-11-24 02:42:15', 24),
(361, 26.9825, 'ESP32-7', '2024-11-24 02:42:17', 24),
(362, 3.22851, 'ESP32-7', '2024-11-24 02:42:18', 24),
(363, 1.66842, 'ESP32-7', '2024-11-24 02:42:21', 24),
(364, 1.44781, 'ESP32-7', '2024-11-24 02:42:22', 24),
(365, 0.650439, 'ESP32-7', '2024-11-24 02:42:28', 24),
(366, 0.548246, 'ESP32-7', '2024-11-24 02:42:29', 24),
(367, 0.192544, 'ESP32-7', '2024-11-24 02:42:34', 24),
(368, 14.4917, 'ESP32-7', '2024-11-24 02:42:36', 24),
(369, 11.4298, 'ESP32-7', '2024-11-24 02:42:37', 24),
(370, 14.8526, 'ESP32-7', '2024-11-24 02:42:39', 24),
(371, 18.5197, 'ESP32-7', '2024-11-24 02:42:40', 24),
(372, 18.4066, 'ESP32-7', '2024-11-24 02:42:42', 24),
(373, 12.9048, 'ESP32-7', '2024-11-24 02:42:43', 24),
(374, 8.04474, 'ESP32-7', '2024-11-24 02:42:45', 24),
(375, 9.22456, 'ESP32-7', '2024-11-24 02:42:46', 24),
(376, 0.519737, 'ESP32-7', '2024-11-24 02:42:47', 24),
(377, 0.562719, 'ESP32-7', '2024-11-24 02:42:49', 24),
(378, 0.514035, 'ESP32-7', '2024-11-24 02:42:50', 24),
(379, 0.523246, 'ESP32-7', '2024-11-24 02:42:52', 24),
(380, 0.45614, 'ESP32-7', '2024-11-24 02:42:54', 24),
(381, 0.385088, 'ESP32-7', '2024-11-24 02:42:55', 24),
(382, 0.406579, 'ESP32-7', '2024-11-24 02:42:57', 24),
(383, 8.18158, 'ESP32-7', '2024-11-24 02:43:01', 24),
(384, 5.56447, 'ESP32-7', '2024-11-24 02:43:03', 24),
(385, 7.81272, 'ESP32-7', '2024-11-24 02:43:05', 24),
(386, 10.6934, 'ESP32-7', '2024-11-24 02:43:06', 24),
(387, 0.859211, 'ESP32-7', '2024-11-24 02:43:08', 24),
(388, 0.869298, 'ESP32-7', '2024-11-24 02:43:13', 24),
(389, 0.00219298, 'ESP32-8', '2024-11-24 02:43:43', 25),
(390, 0.0504386, 'ESP32-8', '2024-11-24 02:43:45', 25),
(391, 0, 'ESP32-8', '2024-11-24 02:43:46', 25),
(392, 0, 'ESP32-8', '2024-11-24 02:43:47', 25),
(393, 44.2092, 'ESP32-8', '2024-11-24 02:43:49', 25),
(394, 48.5018, 'ESP32-8', '2024-11-24 02:43:50', 25),
(395, 45.757, 'ESP32-8', '2024-11-24 02:43:51', 25),
(396, 17.3579, 'ESP32-8', '2024-11-24 02:43:54', 25),
(397, 11.5882, 'ESP32-8', '2024-11-24 02:43:55', 25),
(398, 9.3386, 'ESP32-8', '2024-11-24 02:43:58', 25),
(399, 0.291667, 'ESP32-8', '2024-11-24 02:44:00', 25),
(400, 0.278947, 'ESP32-8', '2024-11-24 02:44:01', 25),
(401, 0.257456, 'ESP32-8', '2024-11-24 02:44:02', 25),
(402, 0.329825, 'ESP32-8', '2024-11-24 02:44:04', 25),
(403, 6.51404, 'ESP32-8', '2024-11-24 02:44:05', 25),
(404, 0.691228, 'ESP32-8', '2024-11-24 02:44:07', 25),
(405, 0.766667, 'ESP32-8', '2024-11-24 02:44:08', 25),
(406, 0.747368, 'ESP32-8', '2024-11-24 02:44:10', 25),
(407, 0.740351, 'ESP32-8', '2024-11-24 02:44:11', 25),
(408, 14.554, 'ESP32-8', '2024-11-24 02:44:12', 25),
(409, 14.4246, 'ESP32-8', '2024-11-24 02:44:14', 25),
(410, 14.3715, 'ESP32-8', '2024-11-24 02:44:15', 25),
(411, 14.311, 'ESP32-8', '2024-11-24 02:44:17', 25),
(412, 14.2658, 'ESP32-8', '2024-11-24 02:44:18', 25),
(413, 15.1733, 'ESP32-8', '2024-11-24 02:44:20', 25),
(414, 0.666667, 'ESP32-8', '2024-11-24 02:44:32', 25),
(415, 0.711403, 'ESP32-8', '2024-11-24 02:44:33', 25),
(416, 0.698246, 'ESP32-8', '2024-11-24 02:44:35', 25),
(417, 0.712281, 'ESP32-8', '2024-11-24 02:44:36', 25),
(418, 12.9211, 'ESP32-8', '2024-11-24 02:44:37', 25),
(419, 24.014, 'ESP32-8', '2024-11-24 02:44:39', 25),
(420, 23.9395, 'ESP32-8', '2024-11-24 02:44:40', 25),
(421, 23.9307, 'ESP32-8', '2024-11-24 02:44:42', 25),
(422, 23.9627, 'ESP32-8', '2024-11-24 02:44:43', 25),
(423, 23.943, 'ESP32-8', '2024-11-24 02:44:45', 25),
(424, 23.9636, 'ESP32-8', '2024-11-24 02:44:46', 25),
(425, 9.41053, 'ESP32-8', '2024-11-24 02:44:47', 25),
(426, 1.03421, 'ESP32-8', '2024-11-24 02:44:49', 25),
(427, 0.719737, 'ESP32-8', '2024-11-24 02:44:50', 25),
(428, 0.657018, 'ESP32-8', '2024-11-24 02:44:51', 25),
(429, 0.730263, 'ESP32-8', '2024-11-24 02:44:53', 25),
(430, 0.734649, 'ESP32-8', '2024-11-24 02:44:54', 25),
(431, 0.867105, 'ESP32-8', '2024-11-24 02:44:56', 25),
(432, 98.8886, 'ESP32-8', '2024-11-24 02:44:57', 25),
(433, 25.4719, 'ESP32-8', '2024-11-24 02:44:58', 25),
(434, 45.043, 'ESP32-8', '2024-11-24 02:45:00', 25),
(435, 45.4053, 'ESP32-8', '2024-11-24 02:45:01', 25),
(436, 45.3259, 'ESP32-8', '2024-11-24 02:45:02', 25),
(437, 45.0987, 'ESP32-8', '2024-11-24 02:45:04', 25),
(438, 1.0943, 'ESP32-8', '2024-11-24 02:45:05', 25),
(439, 41.9767, 'ESP32-8', '2024-11-24 02:45:07', 25),
(440, 0.608333, 'ESP32-8', '2024-11-24 02:45:12', 25),
(441, 0.708772, 'ESP32-8', '2024-11-24 02:45:15', 25),
(442, 0.0245614, 'ESP32-9', '2024-11-24 02:45:35', 26),
(443, 0, 'ESP32-9', '2024-11-24 02:45:37', 26),
(444, 0, 'ESP32-9', '2024-11-24 02:45:38', 26),
(445, 14.6417, 'ESP32-9', '2024-11-24 02:45:39', 26),
(446, 13.0952, 'ESP32-9', '2024-11-24 02:45:41', 26),
(447, 13.05, 'ESP32-9', '2024-11-24 02:45:42', 26),
(448, 13, 'ESP32-9', '2024-11-24 02:45:43', 26),
(449, 13.0075, 'ESP32-9', '2024-11-24 02:45:45', 26),
(450, 12.9597, 'ESP32-9', '2024-11-24 02:45:46', 26),
(451, 7.32807, 'ESP32-9', '2024-11-24 02:45:47', 26),
(452, 0, 'ESP32-9', '2024-11-24 02:45:49', 26),
(453, 0.937719, 'ESP32-9', '2024-11-24 02:45:50', 26),
(454, 0.75307, 'ESP32-9', '2024-11-24 02:45:52', 26),
(455, 0.701316, 'ESP32-9', '2024-11-24 02:45:53', 26),
(456, 0.726316, 'ESP32-9', '2024-11-24 02:45:54', 26),
(457, 0.727632, 'ESP32-9', '2024-11-24 02:45:56', 26),
(458, 0.020614, 'ESP32-9', '2024-11-24 02:45:57', 26),
(459, 0.0666667, 'ESP32-9', '2024-11-24 02:46:01', 26),
(460, 2.66096, 'ESP32-9', '2024-11-24 02:46:03', 26),
(461, 2.63991, 'ESP32-9', '2024-11-24 02:46:05', 26),
(462, 2.68333, 'ESP32-9', '2024-11-24 02:46:06', 26),
(463, 5.87017, 'ESP32-9', '2024-11-24 02:46:07', 26),
(464, 2.76447, 'ESP32-9', '2024-11-24 02:46:09', 26),
(465, 2.8193, 'ESP32-9', '2024-11-24 02:46:10', 26),
(466, 2.82895, 'ESP32-9', '2024-11-24 02:46:12', 26),
(467, 0.275439, 'ESP32-9', '2024-11-24 02:46:14', 26),
(468, 0, 'ESP32-9', '2024-11-24 02:46:15', 26),
(469, 0, 'ESP32-9', '2024-11-24 02:46:20', 26),
(470, 0, 'ESP32-9', '2024-11-24 02:46:21', 26),
(471, 0, 'ESP32-9', '2024-11-24 02:46:22', 26),
(472, 0, 'ESP32-9', '2024-11-24 02:46:24', 26),
(473, 33.9908, 'ESP32-9', '2024-11-24 02:46:25', 26),
(474, 33.8439, 'ESP32-9', '2024-11-24 02:46:26', 26),
(475, 33.7987, 'ESP32-9', '2024-11-24 02:46:28', 26),
(476, 33.7689, 'ESP32-9', '2024-11-24 02:46:29', 26),
(477, 33.7281, 'ESP32-9', '2024-11-24 02:46:30', 26),
(478, 33.643, 'ESP32-9', '2024-11-24 02:46:32', 26),
(479, 33.5868, 'ESP32-9', '2024-11-24 02:46:33', 26),
(480, 0, 'ESP32-9', '2024-11-24 02:46:35', 26),
(481, 19.7434, 'ESP32-9', '2024-11-24 02:46:41', 26),
(482, 19.6579, 'ESP32-9', '2024-11-24 02:46:43', 26),
(483, 19.7382, 'ESP32-9', '2024-11-24 02:46:46', 26),
(484, 22.1504, 'ESP32-9', '2024-11-24 02:46:47', 26),
(485, 0, 'ESP32-9', '2024-11-24 02:46:48', 26),
(486, 0, 'ESP32-9', '2024-11-24 02:46:50', 26),
(487, 0.00964912, 'ESP32-1', '2024-11-26 23:38:20', 17),
(488, 0, 'ESP32-1', '2024-11-26 23:38:25', 17),
(489, 0.0798246, 'ESP32-1', '2024-11-26 23:38:28', 17),
(490, 0.153947, 'ESP32-1', '2024-11-26 23:38:30', 17),
(491, 0.169737, 'ESP32-1', '2024-11-26 23:38:33', 17),
(492, 0.149123, 'ESP32-1', '2024-11-26 23:38:37', 17),
(493, 0.128509, 'ESP32-1', '2024-11-26 23:38:40', 17),
(494, 0, 'ESP32-1', '2024-11-26 23:38:43', 17),
(495, 0, 'ESP32-1', '2024-11-26 23:38:48', 17),
(496, 0.144737, 'ESP32-1', '2024-11-26 23:38:50', 17),
(497, 0.224561, 'ESP32-1', '2024-11-26 23:38:53', 17),
(498, 0.463596, 'ESP32-1', '2024-11-26 23:38:57', 17),
(499, 0.507018, 'ESP32-1', '2024-11-26 23:39:00', 17),
(500, 0, 'ESP32-1', '2024-11-26 23:39:03', 17),
(501, 1.50746, 'ESP32-1', '2024-11-26 23:39:06', 17),
(502, 0, 'ESP32-1', '2024-11-26 23:39:09', 17),
(503, 0.235526, 'ESP32-1', '2024-11-26 23:39:12', 17),
(504, 31.1658, 'ESP32-1', '2024-11-26 23:39:15', 17),
(505, 25.3645, 'ESP32-1', '2024-11-26 23:39:19', 17),
(506, 0, 'ESP32-1', '2024-11-26 23:39:22', 17),
(507, 0, 'ESP32-1', '2024-11-26 23:39:25', 17),
(508, 0, 'ESP32-1', '2000-01-01 04:00:07', 24),
(509, 0, 'ESP32-1', '2000-01-01 04:00:10', 24),
(510, 0, 'ESP32-1', '2000-01-01 04:00:11', 24),
(511, 0, 'ESP32-1', '2000-01-01 04:00:13', 24),
(512, 0, 'ESP32-1', '2000-01-01 04:00:15', 24),
(513, 0, 'ESP32-1', '2000-01-01 04:00:17', 24),
(514, 0, 'ESP32-1', '2000-01-01 04:00:19', 24),
(515, 0, 'ESP32-1', '2000-01-01 04:00:20', 24),
(516, 0, 'ESP32-1', '2000-01-01 04:00:21', 24),
(517, 930.805, 'ESP32-1', '2000-01-01 04:00:24', 24),
(518, 429.892, 'ESP32-1', '2000-01-01 04:00:26', 24),
(519, 405.685, 'ESP32-1', '2000-01-01 04:00:27', 24),
(520, 306.136, 'ESP32-1', '2000-01-01 04:00:29', 24),
(521, 84.1439, 'ESP32-1', '2000-01-01 04:00:30', 24),
(522, 0, 'ESP32-1', '2000-01-01 04:00:32', 24),
(523, 0, 'ESP32-1', '2000-01-01 04:00:33', 24),
(524, 241.89, 'ESP32-1', '2000-01-01 04:00:36', 24),
(525, 522.346, 'ESP32-1', '2000-01-01 04:00:38', 24),
(526, 291.56, 'ESP32-1', '2000-01-01 04:00:39', 24),
(527, 303.794, 'ESP32-1', '2000-01-01 04:00:41', 24),
(528, 24.6329, 'ESP32-1', '2000-01-01 04:00:44', 24),
(529, 164.068, 'ESP32-1', '2000-01-01 04:00:45', 24),
(530, 130.9, 'ESP32-1', '2000-01-01 04:00:48', 24),
(531, 134.251, 'ESP32-1', '2000-01-01 04:00:49', 24),
(532, 82.4759, 'ESP32-1', '2000-01-01 04:00:52', 24),
(533, 0, 'ESP32-1', '2000-01-01 04:00:53', 24),
(534, 0, 'ESP32-1', '2000-01-01 04:00:55', 24),
(535, 0, 'ESP32-1', '2000-01-01 04:00:57', 24);

-- --------------------------------------------------------

--
-- Estructura de tabla para la tabla `galga`
--

CREATE TABLE `galga` (
  `idGalga` int(11) NOT NULL,
  `ubicacion` varchar(50) NOT NULL,
  `fecha_instalacion` date NOT NULL,
  `idPuente` int(11) NOT NULL
) ENGINE=InnoDB DEFAULT CHARSET=utf8mb4 COLLATE=utf8mb4_general_ci;

--
-- Volcado de datos para la tabla `galga`
--

INSERT INTO `galga` (`idGalga`, `ubicacion`, `fecha_instalacion`, `idPuente`) VALUES
(1, 'Inicio', '2024-11-27', 2),
(2, 'Intermedio Inicial', '2024-11-27', 2),
(3, 'Columna 1', '2024-11-27', 2),
(4, 'Medio', '2024-11-27', 2),
(5, 'Columna 2', '2024-11-27', 2),
(6, 'Intermedio Final', '2024-11-27', 2),
(7, 'Final', '2024-11-27', 2),
(17, 'Inicio', '2024-11-03', 1),
(18, 'Final', '2024-11-03', 1),
(22, 'Inicio', '2024-11-03', 3),
(23, 'Final', '2024-11-03', 3),
(24, 'Inicio', '2024-11-03', 4),
(25, 'Medio', '2024-11-03', 4),
(26, 'Final', '2024-11-03', 4);

-- --------------------------------------------------------

--
-- Estructura de tabla para la tabla `puente`
--

CREATE TABLE `puente` (
  `idPuente` int(11) NOT NULL,
  `nombre` varchar(50) NOT NULL,
  `ubicacion` varchar(50) NOT NULL
) ENGINE=InnoDB DEFAULT CHARSET=utf8mb4 COLLATE=utf8mb4_general_ci;

--
-- Volcado de datos para la tabla `puente`
--

INSERT INTO `puente` (`idPuente`, `nombre`, `ubicacion`) VALUES
(1, 'San Antonio', 'Miraflores'),
(2, 'Trillizos', 'Sopocachi'),
(3, 'Puentes gemelos', 'Sopocachi-Miraflores'),
(4, 'Puente de las Americas', 'Sopocachi');

--
-- Índices para tablas volcadas
--

--
-- Indices de la tabla `datos_de_lectura`
--
ALTER TABLE `datos_de_lectura`
  ADD PRIMARY KEY (`idDato`),
  ADD KEY `datos_de_lectura_galga` (`idGalga`);

--
-- Indices de la tabla `galga`
--
ALTER TABLE `galga`
  ADD PRIMARY KEY (`idGalga`),
  ADD KEY `galga_puente` (`idPuente`);

--
-- Indices de la tabla `puente`
--
ALTER TABLE `puente`
  ADD PRIMARY KEY (`idPuente`);

--
-- AUTO_INCREMENT de las tablas volcadas
--

--
-- AUTO_INCREMENT de la tabla `datos_de_lectura`
--
ALTER TABLE `datos_de_lectura`
  MODIFY `idDato` int(11) NOT NULL AUTO_INCREMENT, AUTO_INCREMENT=536;

--
-- AUTO_INCREMENT de la tabla `galga`
--
ALTER TABLE `galga`
  MODIFY `idGalga` int(11) NOT NULL AUTO_INCREMENT, AUTO_INCREMENT=35;

--
-- AUTO_INCREMENT de la tabla `puente`
--
ALTER TABLE `puente`
  MODIFY `idPuente` int(11) NOT NULL AUTO_INCREMENT, AUTO_INCREMENT=6;

--
-- Restricciones para tablas volcadas
--

--
-- Filtros para la tabla `datos_de_lectura`
--
ALTER TABLE `datos_de_lectura`
  ADD CONSTRAINT `datos_de_lectura_galga` FOREIGN KEY (`idGalga`) REFERENCES `galga` (`idGalga`) ON DELETE CASCADE ON UPDATE CASCADE,
  ADD CONSTRAINT `fk_idGalga` FOREIGN KEY (`idGalga`) REFERENCES `galga` (`idGalga`);

--
-- Filtros para la tabla `galga`
--
ALTER TABLE `galga`
  ADD CONSTRAINT `galga_puente` FOREIGN KEY (`idPuente`) REFERENCES `puente` (`idPuente`) ON DELETE CASCADE ON UPDATE CASCADE;
COMMIT;

/*!40101 SET CHARACTER_SET_CLIENT=@OLD_CHARACTER_SET_CLIENT */;
/*!40101 SET CHARACTER_SET_RESULTS=@OLD_CHARACTER_SET_RESULTS */;
/*!40101 SET COLLATION_CONNECTION=@OLD_COLLATION_CONNECTION */;
